linkedin_share,android,blog_1,home,pricing,purchase_start,purchase_enter_address,purchase_success
facebook_share,ios,blog_1,pricing,purchase_start,blog_1
search,android,home,blog_1
facebook_share,windows,blog_2,home,blog_1
facebook_share,ios,home,blog_1
facebook_share,ios,home,blog_1,contact_us
search,ios,home
facebook_share,android,blog_1,pricing
direct,android,home,pricing,contact_us
search,ios,blog_2,pricing,purchase_start
direct,android,home
search,unknown,home,pricing,blog_1
search,ios,contact_us
direct,android,home,pricing,purchase_start
search,windows,home,contact_us,blog_1,home
search,unknown,contact_us
facebook_share,unknown,blog_2,pricing,purchase_start,purchase_enter_address,purchase_success
search,android,contact_us
search,ios,blog_2,pricing,blog_1
direct,windows,home,pricing,contact_us
facebook_share,ios,home,pricing,purchase_start,purchase_enter_address,purchase_success,contact_us
search,ios,home,contact_us
facebook_share,android,blog_1,pricing,purchase_start,purchase_enter_address
facebook_share,android,home,pricing,purchase_start,purchase_enter_address
linkedin_share,windows,home
facebook_share,windows,home
facebook_share,windows,home,blog_1,home,blog_1,pricing,contact_us
linkedin_share,mac,blog_1,contact_us
direct,android,home,pricing,contact_us
partner_advert,windows,special_advert_deal,purchase_start,home,pricing,purchase_start
linkedin_share,ios,blog_1,home
linkedin_share,windows,home,pricing,purchase_start,purchase_enter_address,pricing,purchase_start,purchase_enter_address,purchase_success
facebook_share,ios,blog_1,home,blog_1,contact_us
partner_advert,ios,special_advert_deal,purchase_start,purchase_enter_address
linkedin_share,ios,home,blog_2
linkedin_share,mac,home,blog_2
search,android,home,pricing,purchase_start,purchase_enter_address,contact_us
facebook_share,android,blog_2,home,pricing,purchase_start,purchase_enter_address
facebook_share,mac,home,blog_1
linkedin_share,ios,blog_2,contact_us
search,android,blog_1,pricing,purchase_start,purchase_enter_address,blog_1
facebook_share,windows,home,pricing,blog_2,pricing
facebook_share,windows,blog_1,home
search,android,home,pricing
search,ios,home
search,unknown,home,pricing,purchase_start,purchase_enter_address,pricing,purchase_start
facebook_share,ios,home
linkedin_share,android,home,blog_1,home
search,mac,home,pricing,blog_2,pricing
linkedin_share,unknown,blog_2,home,contact_us
facebook_advert,ios,special_advert_deal,purchase_start
search,ios,home,pricing,purchase_start,purchase_enter_address,purchase_success
direct,mac,home,blog_1,pricing,purchase_start,purchase_enter_address,purchase_success
facebook_share,windows,home,pricing,purchase_start,purchase_enter_address,contact_us
facebook_share,ios,blog_1,pricing
linkedin_share,ios,home,pricing,blog_1,home,contact_us,home,blog_1,pricing
facebook_share,windows,home,pricing,home,pricing
linkedin_share,ios,contact_us,home
search,ios,home,pricing,blog_2,pricing
facebook_share,mac,home,pricing,purchase_start,purchase_enter_address
linkedin_share,windows,blog_2
facebook_share,ios,blog_2,pricing,purchase_start,purchase_enter_address
facebook_share,android,blog_2,pricing
linkedin_advert,mac,special_advert_deal,purchase_start,purchase_enter_address,contact_us
search,android,home,pricing,home
facebook_share,mac,home,pricing,purchase_start
direct,windows,home,pricing
facebook_advert,android,special_advert_deal
search,ios,contact_us,blog_2
facebook_share,android,blog_1
facebook_advert,android,special_advert_deal
search,ios,home,pricing,blog_2
search,ios,home,pricing,purchase_start,purchase_enter_address,purchase_success
search,ios,home,pricing,purchase_start,purchase_enter_address
search,ios,home,contact_us
facebook_share,windows,blog_1,pricing,purchase_start,purchase_enter_address,contact_us
linkedin_share,mac,contact_us,blog_1,pricing,purchase_start,purchase_enter_address,purchase_success
facebook_share,mac,home,blog_1
search,windows,home
facebook_share,android,blog_1,home,pricing
search,mac,contact_us
facebook_share,unknown,blog_1,home,blog_1,blog_1
facebook_share,mac,home,pricing,blog_1,home
facebook_advert,android,special_advert_deal,pricing,contact_us
partner_advert,mac,special_advert_deal,purchase_start,blog_1,home,blog_1
facebook_share,ios,home,contact_us,blog_1
search,android,home
facebook_share,ios,home,pricing,blog_1
search,android,home,contact_us
direct,windows,home,pricing,blog_1
search,android,home,pricing,contact_us,home,pricing
facebook_share,mac,home,pricing,purchase_start,purchase_enter_address
linkedin_share,windows,home
facebook_share,ios,blog_2,pricing,purchase_start,purchase_enter_address
facebook_share,android,home,blog_1,contact_us
linkedin_share,ios,blog_2,pricing,home,pricing
linkedin_share,ios,home,pricing,purchase_start,purchase_enter_address,contact_us
search,ios,home,blog_1,home,pricing,contact_us
facebook_share,windows,blog_2
facebook_advert,mac,special_advert_deal
direct,android,home,pricing
direct,ios,home,pricing,purchase_start,purchase_enter_address,purchase_success
facebook_advert,mac,special_advert_deal,pricing,purchase_start,purchase_enter_address
search,mac,home,pricing,purchase_start,pricing,blog_2,pricing
search,ios,home,pricing,purchase_start
facebook_share,windows,home,blog_1
facebook_share,unknown,blog_2,pricing
facebook_share,windows,blog_1,home
search,android,home,pricing,purchase_start
linkedin_share,windows,home,pricing,blog_2,home,pricing
search,windows,home,pricing,purchase_start
facebook_advert,windows,special_advert_deal
facebook_share,android,home,pricing,contact_us
search,ios,blog_1,contact_us
search,ios,contact_us